{"version":1,"hash":{"type":"Buffer","data":"jQwwofEPS39ynXBOaiNlVIViLc/Vt5l9Ja3dKjcEF5eCMsx/ggfblgDNnbOrXTrmX0C5tjPsr+9oN5pClAOFdRPrk5DCjlZNWHnFQLhH3P5iFnuQTBFpYy9IdyZaexRP/fmnqIs1QWXgtVDG8oLcKjlIOAwYqqfpZFw/IDgnhx0="},"indexValueMap":{"uMVb/In/WAW2tpZnFZ4i9gnjnUsj0KlxPThWxNVOtc0=":{"valueMac":{"type":"Buffer","data":"HKubALaHoOvjwWZAxYgvvmH4pevL2sFXiDMO0ooENYM="}},"OQQvvUTGJyGMMqUOt+QC8Eu4XA7b5RQZBR5GV8dAHjs=":{"valueMac":{"type":"Buffer","data":"38E+JnYiWOx66+Q2wwWxaI5JjBsVcNJl0KDlI2/0YuQ="}},"HXW5zArUbVRcDvRxypmyGRuk9CKY8pXz3c92waul2aE=":{"valueMac":{"type":"Buffer","data":"vOEUrbTKNIihtoC6lTyefz/VLbKcSbTK7GyBi/TnbmY="}},"YRyjZGJh1wq7JtYwzqCBBMBzPNxLM8SfnYVa0Svscd4=":{"valueMac":{"type":"Buffer","data":"1+CJMN3vuWpVcE7Mngee+Hk5i4VvPGszHS0xaeLxuFY="}},"Hbw7XNVHHzXy+MqbfHzQ1Xv0huI4KZyGB54ySGh18MA=":{"valueMac":{"type":"Buffer","data":"mZddSLb/nvLVz/0cQSDlPrU4CeWJof21O/r09K3FdE8="}},"7eMKlOD33gJmQHSQfnMoJ0IrwBjlZmuMjmn2g3t6df8=":{"valueMac":{"type":"Buffer","data":"54v5qC23fpiiY+2PO6znd1b3NbRiEVB1AH/1Zcxquzo="}},"UmQQfQzKS5wPVRchd45kndNzfrs/Yh08gfiPn1xE4/w=":{"valueMac":{"type":"Buffer","data":"FI/vGUUORijkBuKRLjrpEdjcGiKOkCtZDfJ/WMhV9r8="}},"E/+JMRzvwHdfnY6D4sGlEzYqGIqjnpicTRvsXNxO990=":{"valueMac":{"type":"Buffer","data":"WwYm+8XHtyzEUkmpGhNg1UcIpvrjbQapAqn3TArfIU4="}},"bSvNcLZEMO1D4td+H3oM+2v0Hw0yQhhnamjQkC8z48w=":{"valueMac":{"type":"Buffer","data":"j09r3UJeCtJ4WYGo9CcSc39uGB+mNsJS5Ral64DZjD0="}},"yMQxHiDjX39lC/1q7UIwMdxaizdtYgilic1Uv4eqhh8=":{"valueMac":{"type":"Buffer","data":"v/7dvnhw623jY4uiAt6M4g/jtqEUPjzeqHD2/d/tAKs="}},"HS+ZkNVgy/WYInXng69CdZK2Ce/EAZhR3C/uHSaBXN8=":{"valueMac":{"type":"Buffer","data":"qx9l4l/O9ilb9PmKrVZGHGM7CJVrcn+SkBce7lSUPmg="}},"zxtVGatdCf9AlsXpaxDsq5+EvnlV0wolh9a3mQP8NOo=":{"valueMac":{"type":"Buffer","data":"J+p7TSp0+HwIiVcniNKJ8S2r5WfHA2KxAQHPXJ7mkZo="}},"Vfaa8Z9gu2SjTQq0UYqUMJ46CnwQVJPjdAcAHPa2USY=":{"valueMac":{"type":"Buffer","data":"DmvXIFI14sX/G9ZFDGAhp7PGRgSvtJIebgQQxdSwpvs="}},"e9RiaSLqigJXtNYrACJGLOKeCnQtrqmh+veU6tl17Cw=":{"valueMac":{"type":"Buffer","data":"Kn65S0n7PsrFbesc732tWuqpdbB9GmE1R2i6RhhtbBE="}},"GB2L2J8x2wY315IDoVzjTktO1zwdiXbAVoyjmX6WQqM=":{"valueMac":{"type":"Buffer","data":"Qv3UIrPCn50r8xb+ui0oj298ilaUOj4d3GZ4QjPM0Yo="}},"793gEwmel16OqJtfZxvw4LnnNHg/QLGiYgVFo1rEzLQ=":{"valueMac":{"type":"Buffer","data":"0IFWluw4DZnUYPBwpuEcUstuAePbCMVZlT6bXrWavFY="}},"Oh3MncxLo4kMMmzctHj6matxy5cum2AF8tZ7vsItdE4=":{"valueMac":{"type":"Buffer","data":"BD9MZSN7qdEn0BRn02CLMVxYn73C28VA0TayhFck6Oo="}},"zP+pnm2sC6bl2FtQdac53u2FY1WDeh8SlzKWnw+UL/c=":{"valueMac":{"type":"Buffer","data":"1SdbbTqwRw/mw+rhqZVQ3KvoVccIQdIev4pFTv3sCRo="}},"UVEyQ5stuTO51rkqb70ldHUhBFAVTm+OlPE14SePDdY=":{"valueMac":{"type":"Buffer","data":"v9fPxoF2EVMLYnJr8Zj+g7YrmyXRIW/o4CJedu34/TQ="}},"Qy0fwCaZzSmj6rp9qeeNHDPI5QyB1jikXZeaooaHBW4=":{"valueMac":{"type":"Buffer","data":"ldXHozeJW2EGEBqQnfEKmo0PJDWcKp1reVLIlMNN7NU="}},"SXPvqHeluDY+XImQochvnyQ/jrwY2Ei/hliHBp2DQR8=":{"valueMac":{"type":"Buffer","data":"5xIy2PUuYcWsLEy8BcFaSq92TlRf0IYte+HPcB9xaoo="}},"PkTnE47wxIJnI2mapRjHIKzemgLSCpmAM4rGUEE9uXc=":{"valueMac":{"type":"Buffer","data":"ibcA0jigzRplboeDBXAOVyjb5QEKqRLr88lY6p32ivw="}},"R1RfvlSr/Ws7F3lW+ijmcMEKX9PLwFni35Wf7MrDVT0=":{"valueMac":{"type":"Buffer","data":"oogeSCRu3IT4tzQxRIeVDI2gQlhteqhrnqfGTDfNROI="}},"tXnlH+huUvY9eIkweLFK0tio3KLXDR/hhsSbw8RUBUY=":{"valueMac":{"type":"Buffer","data":"W5Gg0EVhkQZj/U+ExBxgSNd92xm0TjSfLvgGeS3KozA="}},"QvHdBIVlgu0RQR6IZYlCf/X8kbHaZoWJI+JnezhtF4U=":{"valueMac":{"type":"Buffer","data":"m05+kfA4QLq4vB97LurWoytYLzrFamkiVaE4xNSel3I="}},"+NF8ls8jH8TIG49DrnX5gdgv7rTLuUJduvAfQQ4aRO8=":{"valueMac":{"type":"Buffer","data":"zak8A7cRMx0NPzj3/KB+ieziiPNpSByvhPh389FY/sc="}},"iiOBiWsqWOGtCocsa+bFApId9pOqJ+lzmhvWTS8Im20=":{"valueMac":{"type":"Buffer","data":"VxbLx23W+e6IZ9xO8jMBjlsXjDmdWx33SkzJOP/gpmM="}},"UHsYA1ndcQh4sCzpHIi9+lFXHg+xjmWiyivSkGmh+/0=":{"valueMac":{"type":"Buffer","data":"yFO6QbRwv3haKl73LSi22NKVZ+a9SM/T63jxsoDKl5Q="}},"A34gRqX+jTxM1+tYivluucuoBqjSPpN0IGC9zDn2IRM=":{"valueMac":{"type":"Buffer","data":"16Q8aci2rSkSLEbGlKNbWlPu9PgAlmifw5FhT7zp8KM="}},"w4RkrpgDQcjCfQglziU4XqoXhzVbp42z+dJwh0mMQP8=":{"valueMac":{"type":"Buffer","data":"njQub7FX8SLFH06OYsHxVOPQBDUiS1L088zmYmvNAyA="}},"2jXWcq6xioLfja6aPLhR8ZAh2niZdXk6HyLyeh4LDdY=":{"valueMac":{"type":"Buffer","data":"sHYBhgm8KXY/MLAxvSzFSApA1JWrQF3ueFoWVu7s2Sk="}},"hdz2qy45AMtzfhs9Jrm5WjP2QiPgmrZf0Pgqr2J7+yQ=":{"valueMac":{"type":"Buffer","data":"2z08opc7LXlqSfHbRJrXFue5UvdduDNSbT6MjNWR3jI="}},"jfUqSI8Ddu/xK3tvSF4JRzgv4xDXEr8azoaw6J2EHhE=":{"valueMac":{"type":"Buffer","data":"6byWYS/6eNsQ2uZN/U8eHlNY2vPlmAj3QAoboErymqE="}},"v+xgHnga981igVOlyOW5/gzqzblXcvfmbxsqELvXzMQ=":{"valueMac":{"type":"Buffer","data":"ajBQKKx1SAsuGYjYE61PL48I3vhK0r219aZoBFzpjVU="}},"XhemfTPrlzQGj7XMUNEtiglSCWzXeKrv/4r+MrmvCf4=":{"valueMac":{"type":"Buffer","data":"DRVXY+tmJkQZus90q/60deKp3JNhK9cXEkcHBtJBA+k="}},"ex+0hImkKANvB0AqCGPasyOdH9LidMk68slbM6NeNWQ=":{"valueMac":{"type":"Buffer","data":"t0aT0i+1yh9/UZVXRvwzBz8G11zp1abz7JWgsLSGDcY="}},"AXaX0lHXTMrj+nnuPtG7e65zNW6Nzad4JurTCJpaLSk=":{"valueMac":{"type":"Buffer","data":"TXT3cD/7TvGrJ8Dk1E+uz0QvpAxBZbodIdW2utA9Fwg="}},"A4/KJA1Tv472fsfvaBH9XWKJMjYbDEvw1VBggf8L01Q=":{"valueMac":{"type":"Buffer","data":"dYUfz7fzMd/jEf0fkkmFGdL77FVwXKohD5/2E1xD7Gc="}},"LrHfcAf8XGA20ishQB5PCJ/LMFzubSSK5prKzy/zKdA=":{"valueMac":{"type":"Buffer","data":"CGsRJsznm0DcuPDwCmOeCgM8wNb9O+ducwFP1jcmqdY="}},"oYXJh8otgZQG5IlAbVq+/WeUY0PjihCNFMQKS3GvcYw=":{"valueMac":{"type":"Buffer","data":"RjTJTBvXb8GQQkba4iRWr+Jh1NjrQ8oMDRcLsmfVObc="}},"6ehhpLUww9cmWr9gFoJKG2ny1REiUd6LJOyu4Y4FCm8=":{"valueMac":{"type":"Buffer","data":"iWYHjpjewkrtqaQZWlP7tH9qAb0eIyrQMUpSsEM3P4A="}},"as6z9aYKXEZ2awc8uOFMnqlLOQjPF4Euqxj8GHiLdDM=":{"valueMac":{"type":"Buffer","data":"qli/w8BKGEn02jKZo4pabY6YnCdDYicpY/yvBlhZFmA="}},"QdUd1XknDblMhSK448v/UzZahMlkECjOWF8GSqYKHzg=":{"valueMac":{"type":"Buffer","data":"RRQZz85cFbIOBVcP3dZncaeqwuK8ZtBltDWash0+2bU="}},"KZG3r+2/Oy0cLcgefDn7+hTOiqyYjO4b0pxOrRssYFo=":{"valueMac":{"type":"Buffer","data":"JcCycAjvcUqtBlJC5H0Y1EG29/yVzORXVcOokVmiexo="}},"K+zmctqstnEzxZdR8DvoVUbsoW3j7vs3pt9zhhdctmM=":{"valueMac":{"type":"Buffer","data":"uuHU3QQIt6GhSMMMtoDj0X5nAxLwrvntB6NrcvU+rUY="}},"+E8cZShr+zag9AvRqmyaH38gxezm2CYC6Xss4EAYakI=":{"valueMac":{"type":"Buffer","data":"66u++iqBOevyckcqqBtp9wCaVsdJAJ9cT/TdgCAkPYg="}},"TA2iK69gYCHXjx7mgqaWospxPnNEPHPj4Rl5084N33E=":{"valueMac":{"type":"Buffer","data":"Abe7c0/nVwCDgtjivLixopiMUNjN+9h9Qje+4m5vfms="}},"551afwy+4XeoD0z49GZSC/o2FSw5tJ9SJ3d0NQinUi8=":{"valueMac":{"type":"Buffer","data":"zrAwG8zJpZC3JDu7sMULUYE+o0J1V0mywgiQXh84Vvs="}},"yMt0xJeLkxy/G7VhGxIsXEDScCveDnsMKQLWufwb8j0=":{"valueMac":{"type":"Buffer","data":"wyYILb1QBqGgFY3GRQgb6IGNkefSqRvpqzm3B1HHMQU="}},"YV6JiM2wLuXg/MzCQfsmoQBPJVZ//bLqtYdLhQfy6Oc=":{"valueMac":{"type":"Buffer","data":"E1BUXM9CKm1haY/N+/QK3cCBK43Eg5JF8WEDMImp+k0="}},"1YQUNXzJDtMfgBhD8WH/TYwBRTZSFxcTOmehCu3A8rE=":{"valueMac":{"type":"Buffer","data":"iuk3/fqxSQ5Zl01Fi+3WaLNJHhHg8KuB9sqZ05yUD7Y="}},"K6irAk3l9VhH29RbUJtqFB2NVcZKglYYCM0EoXXN/vQ=":{"valueMac":{"type":"Buffer","data":"zNA+yyqMVjcQyHYNdqRvkb4Gvo54VtAkp2QmLzFY3/0="}},"d5qqa99bJKba/BvNapYd7S4OwhQ+BT8wK3+Ev+84XQs=":{"valueMac":{"type":"Buffer","data":"Ja4N26wiUoeB28uSMoa2ZVu8jftj4/NSjJmVV0yPQUU="}},"5PMMIctdfcgf3TKR42Ffk0QM4DO+sjDFggiGsxc5vGU=":{"valueMac":{"type":"Buffer","data":"ydtlBc4ybtTwL9+tsp/ofiR1H2rrTsVkDlrcmvpNu6Y="}},"X+1ycokiceK5zElR0vn6Oj1cYnREONLAQ17XwJxq8a0=":{"valueMac":{"type":"Buffer","data":"wqQb29tw7hgWCDTwYFruWISdT8KVDf//X1U6n6M0e00="}},"x2okOWF4hwgfqYU8c6gXYv3poXPzi9ltvKf06RGQXcI=":{"valueMac":{"type":"Buffer","data":"dv/Ebkr0hr8Qb0xIUF35DzP6wKlEqHXssQzZOX0i1yk="}},"zMGodM3aOkgeGUvpmsCoWYS1pOd8BzdkbEpi9gF3Skw=":{"valueMac":{"type":"Buffer","data":"kf0ee71QQ1vQBTmJcsBraglEIJUlfqSMTY1pdzlDxrA="}},"KGjZMlBXhWpVOdWpCInQfw1laE0umQmEGc9AEr0la0o=":{"valueMac":{"type":"Buffer","data":"28OzXSxEy6tLnBuwR+0Wa5azCJn8nUp9h1DIEW5vg0k="}},"VpybV/WiZvsyibf7ShR2aX4FDMFJwjsaucmKY6wsSiA=":{"valueMac":{"type":"Buffer","data":"oaGgjvkt3AjWRvpzjMIWLYKJyBk3WmMy4Z9GBhkmBW0="}},"j+3vxNgyMjT5jx2Uo2YXzUp+of7CpHCeTuH1+3PskNA=":{"valueMac":{"type":"Buffer","data":"oEQjsYfDZ9RUCdpDP/pgtKlxFLs3pm/J7lmnspLTJvA="}},"NinRFov/ErMV1t5X2dKqPA9gE7Q+6fovyvtma0Ji5FM=":{"valueMac":{"type":"Buffer","data":"xd/qC8MvtiF798nEVRR1wNZdMtYjYzWINjxMxkLCOGI="}},"BwwSGtf2P2SjRFnq/I4mBQ71x5zOarZweSvFTckBI5s=":{"valueMac":{"type":"Buffer","data":"WJfX/vS538RsGjXi1YXgbgf8uFB/TJq2UjdDi05iUsc="}},"3WbfolVuiuy/dqIgrjCg11dUN5OHUskszA20MO8l7lM=":{"valueMac":{"type":"Buffer","data":"7bEztNQGqBRQczZ/fRwohw8RxSa+4jYomxgADoJbNqY="}},"DEassY4X1zpoJ3WVByDlOZR2N9yCeqt57fANkIam+7I=":{"valueMac":{"type":"Buffer","data":"vh5yEIFE+RYbM/uCDy/i4oY9vCr/PY4h7rt6b5xvnKQ="}},"Ni37NCMQ7d0CbGxKxPaJlRxb7kVosqasfXMPFtX6Ews=":{"valueMac":{"type":"Buffer","data":"UqmDL8m5rK7f4h53bR3LKphj0Ri91ehAcauxrpt+5tI="}},"ZLcsZfCsHIFdn9xR0XMqxZIh0VcErhM/QevWfbOeSLY=":{"valueMac":{"type":"Buffer","data":"fvkn9JWrawFSIQX3WcjY+n/2ZHdnDCYJlStWx9G3V3o="}},"YCf2FHbBmb/C0VaPxTlr2Ug+9eM+38Wjwr/wfW7Ic9E=":{"valueMac":{"type":"Buffer","data":"dRneQ7XxCVgW/Z7C+C7zRkoVpxRJ5wHaj/nxjRYbows="}},"Nlw8og15Fcxy+wxTK63OmPNLEqh/rRvoBwiC1/JdPXg=":{"valueMac":{"type":"Buffer","data":"+PVgZ3Wy0HxcFm0bvPIoNNfER/3GHUBpSAIXsO0/XE8="}},"rUMjyyoAwfKIlwLwU2MUEKYqQOutM7FZfapLi7fGL3w=":{"valueMac":{"type":"Buffer","data":"MzzHVIHNu0FuZjpc/sgCdKWhsa6xKwRpNqDDT5Rym4Y="}},"PUNOXO6s77qav+kEqUmey9DvaHFAZ3epvOldK0hQh7s=":{"valueMac":{"type":"Buffer","data":"mfL7fLfE6Mv6YVwXlVPcWLfYirrvc/d4nvLlnqYNZk8="}},"RMISFBd47DI6QLtEQHTZOy8FZPd5OSvyj7XdNTIDYTg=":{"valueMac":{"type":"Buffer","data":"zototGGwXreIF6ZR1rG8Ep1UtM9YzE7ZTKi7OuS06zk="}},"AKI6MMg4KBiecc4VssDKcJaAsp1rfxfq5uAv6HxOr8A=":{"valueMac":{"type":"Buffer","data":"+A2OyIiel2JcMEqw4sCjyY/IdbgSxJtjSjaqqSoAJdw="}},"nfwKT62MIj48FbVEOdEpEpS9TjV6M1Bwaf2TaHAixDw=":{"valueMac":{"type":"Buffer","data":"3ZFJIhZKFtjO7HlpUfiwxF/Own6uV+qHfwgC9OD2yzM="}},"FWZLyDRfe+tq5RRHbBwn33oTCDmSwuxqxoqvBD1GgJI=":{"valueMac":{"type":"Buffer","data":"/7e+rlScvt9J/BVjT5LdDPcD6ASpwwBnBVPKYgLqCLA="}},"Czc7zWwUdaJOE97qLjE3WBBdP5YeX6bTiBlniyHJoTE=":{"valueMac":{"type":"Buffer","data":"HisltL0Kn0dL3eWOp/WD77wdtB39NkQsQHPgH86gEpU="}},"bWonTYzKuILTUKvA9iDSoT0GglOn01ZbmxIfxwyEgpg=":{"valueMac":{"type":"Buffer","data":"uNrDgygC+LFMyfVlcyzgguQJ0GzpHzawlL4CzYXqN80="}},"2uBOVSaQBIaSgJqF0NtEetenmbUWNsFqitaekEN2sd8=":{"valueMac":{"type":"Buffer","data":"ebuUDLFFYC0xhoE9mFoVP5QsGQBKDnP9IsJgCBT7YkA="}},"PGJvwO6Uz3B7zfPYCLiC4DnUkBRRiqKV67P7rnNxcR4=":{"valueMac":{"type":"Buffer","data":"edyfpOqLSLt7E6CkEBHM1vx+x906ju4vFYLVwljgxNU="}},"Zad9XShQsKsyi2KcM9YKZo0mI5N7jlUEHJN8PBRZkxk=":{"valueMac":{"type":"Buffer","data":"HhdGu4ZGdi2Vp3sBf7LL7QF0QA+pYTiCk4q4UgLjCTA="}},"K5iQuS5A3sgbfGgHe+7I8cQJF89GfDT+tLPxwg84F/E=":{"valueMac":{"type":"Buffer","data":"667B8NcPvuyEzcBBxMs3Ex73Gn6aCzQvWUu5EgmHdk0="}},"w9Or6zcg5I7yF4XL/x7N0UVA5v1zPscmalGxvmvlbHs=":{"valueMac":{"type":"Buffer","data":"vcYBFZ/i5e0YSgpdG6TucqrvuBYmTb9A1jINiON+pUA="}},"/naE5BKxx2jwoTDaVdg4q3JqeXTmnG4EEPOFAOO+Gq0=":{"valueMac":{"type":"Buffer","data":"TQyJfWkYY//zezNbZddGwV33V4I5U/nlJsQK23u2yMo="}},"4l3Oort8NjLGm9uajS1U3xGJtaHjqiXuyMcGJ1lXjrA=":{"valueMac":{"type":"Buffer","data":"ikBcqoRZKmqv+vpVQoA7FKukBt+FKfKa+XUk66YeKzA="}},"YX6rR+TdGZjLPfRmbAb9ODnpiKwsaq2XFHzTLYAO2GY=":{"valueMac":{"type":"Buffer","data":"pUCo574kvywub8lFJmhXD7L0nxY/BNx3pC4BNo4s/Tw="}}}}