{"noiseKey":{"private":{"type":"Buffer","data":"qN+6Q5flBHdxCqoK77xQHoU9MzBvCSULnGwDOQ32i2o="},"public":{"type":"Buffer","data":"DmkgDE4NIlwOjoMQmbhmnYOPsBIgddA60vLyB8w5pBg="}},"signedIdentityKey":{"private":{"type":"Buffer","data":"sDXC4NSaPy4Ei5FzfanDNLRb2edr46pTKgBfepY1imE="},"public":{"type":"Buffer","data":"qyDjBtUj7BVLOKnLnmth9C/dS04LHrnNANMo2wVl0x4="}},"signedPreKey":{"keyPair":{"private":{"type":"Buffer","data":"6P/DS595MWRQzCjvvtSpMScrvaOfZxK8kYNbLETvhHg="},"public":{"type":"Buffer","data":"sRXiwAtWGRm7tQKOhMUMPl2ztM/XUKZXqNfG4pSqv0Y="}},"signature":{"type":"Buffer","data":"BGmCkgsYeFdfornfjcL0HlL0dsQn6AwujAHJA2+9p1LHZV8qKfNPaaABxoNfYwhOK/NSHfK6e0/oyL3GE9YMig=="},"keyId":1},"registrationId":201,"advSecretKey":"6pNBBOQQkNkIaqBJ0vHzP8JZ8yaDi6zh8Pe8xB2fTx8=","processedHistoryMessages":[{"key":{"remoteJid":"60122712740@s.whatsapp.net","fromMe":true,"id":"19B812AA152D9FB81D453D1DFBE54561"},"messageTimestamp":1673455887},{"key":{"remoteJid":"60122712740@s.whatsapp.net","fromMe":true,"id":"7374C87158C5965E0C3DDE703EFC03AE"},"messageTimestamp":1673455888}],"nextPreKeyId":31,"firstUnuploadedPreKeyId":31,"accountSyncCounter":1,"accountSettings":{"unarchiveChats":false},"account":{"details":"CNSdxtcDEIPS+50GGAE=","accountSignatureKey":"kCbuOOJ8oUmO59QEF2bDV9tAY+F1VAj4xLKWS/570G8=","accountSignature":"kQ1EBWA3dvWXzOjUTWe42jweDcEhEtawDzC3gDeEKqtdSFf8HWAxNqtHTHQiDQnP3YjFzSoJOQR70VGiIsGxCw==","deviceSignature":"Pf14civrEfWGCEIUnxKTIa50gLXrkL5gY/2W9VkK7yi6Ntxks4mTn7bI0+nkfmp1cohA0jPFYwJ2R5VungJCgQ=="},"me":{"id":"60122712740:12@s.whatsapp.net","name":"©DRAGONBOTZ™"},"signalIdentities":[{"identifier":{"name":"60122712740:12@s.whatsapp.net","deviceId":0},"identifierKey":{"type":"Buffer","data":"BZAm7jjifKFJjufUBBdmw1fbQGPhdVQI+MSylkv+e9Bv"}}],"platform":"android","lastAccountSyncTimestamp":1673455879,"myAppStateKeyId":"AAAAANFT"}