{
        "private": {
          "type": "Buffer",
          "data": "6M0HXTi86DEryU3GyIsiv9poOml08cUj3Bz8XGIMOlc="
        },
        "public": {
          "type": "Buffer",
          "data": "vVTHyA1A+WzfI4nOOuyZZERjcNSynav5tGmmoZtvsDA="
        }
      }
    },
    "sessions": {
      "60122712740.0": {
        "_sessions": {
          "Bet57/HdW+PLJ3Q87QGk3amQKZChthheWtZW2wxxCH92": {
            "registrationId": 396688573,
            "currentRatchet": {
              "ephemeralKeyPair": {
                "pubKey": "BTiqXOrRXBzQAnjAlhMm18QXaXRpAh/wIrJ2NPF3D9RL",
                "privKey": "sIgWv7xDhuWT/H1KXkSHzmFNEOk+8KvCwfRyp5C2JHI="
              },
              "lastRemoteEphemeralKey": "Bf2EenjOoDwKgmvt0nN6U9YtooTAjCJ/fJ7HLuABLtA1",
              "previousCounter": 0,
              "rootKey": "8qjVLDwqHaDMX/Ig+qLbq8ePMxFHwNumhedJAyaSuXo="
            },
            "indexInfo": {
              "baseKey": "Bet57/HdW+PLJ3Q87QGk3amQKZChthheWtZW2wxxCH92",
              "baseKeyType": 2,
              "closed": -1,
              "used": 1671921970226,
              "created": 1671921970226,
              "remoteIdentityKey": "BURmk0T3CBtDfW5E1EVq1FwaILJVhgDZG/ARyO389ZML"
            },
            "_chains": {
              "Bf2EenjOoDwKgmvt0nN6U9YtooTAjCJ/fJ7HLuABLtA1": {
                "chainKey": {
                  "counter": 7,
                  "key": "II53iKdAk5lSRwWGLbpNzLeqaybhMrSrDCZooe3PbD4="
                },
                "chainType": 2,
                "messageKeys": {}
              },
              "BTiqXOrRXBzQAnjAlhMm18QXaXRpAh/wIrJ2NPF3D9RL": {
                "chainKey": {
                  "counter": 5,
                  "key": "jOpAajQIXSJJt2e7Ys62Fs0N8XXytbq/69ngckvfdW4="
                },
                "chainType": 1,
                "messageKeys": {}
              }
            }
          }
        },
        "version": "v1"
      },
      "77759599716:1.0": {
        "_sessions": {
          "BeR1zBJ8ivrHGRm8cSYwp1xMAl62FAOn7okXMyl0K/Fg": {
            "registrationId": 204,
            "currentRatchet": {
              "ephemeralKeyPair": {
                "pubKey": "BeJP/b+bos99Xb21Wqi0n93CRR6jkqh3BmvdXKHfg6hQ",
                "privKey": "kH2yyumldys2W5eCX0ecKjQEyQhVGnsiD8iWLJiNBG4="
              },
              "lastRemoteEphemeralKey": "BRPt2CqiMPeLGbPmI+Qdn7NjmnHBuYE6q/IxBuLMJ2cB",
              "previousCounter": 0,
              "rootKey": "uOdk7MM5EvW5wXdcGic1Fk3oNbQO/og67ANEZDsepcg="
            },
            "indexInfo": {
              "baseKey": "BeR1zBJ8ivrHGRm8cSYwp1xMAl62FAOn7okXMyl0K/Fg",
              "baseKeyType": 1,
              "closed": 1671921977773,
              "used": 1671921977538,
              "created": 1671921977538,
              "remoteIdentityKey": "BR9iI2gk3L/ICEgphSntSyGHE+wun3Q66uuClogZAWZi"
            },
            "_chains": {
              "BeJP/b+bos99Xb21Wqi0n93CRR6jkqh3BmvdXKHfg6hQ": {
                "chainKey": {
                  "counter": 2,
                  "key": "Czlt+IAS0cDJKKiWFRhlJJjGYKgK6FvE3Rvt/V5crqw="
                },
                "chainType": 1,
                "messageKeys": {}
              }
            },
            "pendingPreKey": {
              "signedKeyId": 1,
              "baseKey": "BeR1zBJ8ivrHGRm8cSYwp1xMAl62FAOn7okXMyl0K/Fg"
            }
          },
          "BZml4eEVwsdCYiJTmskHwDSuQPxZDIRmmXHKSgV1rs0A": {
            "registrationId": 204,
            "currentRatchet": {
              "ephemeralKeyPair": {
                "pubKey": "Ba1h/4RFHf9ZfJO358wkuYk9R0tdgaL6ljLeiJnJGa1F",
                "privKey": "WK+NXUjQbMJI8uFqq3o3oNBIrUaWBQmkzfpBw1imlWA="
              },
              "lastRemoteEphemeralKey": "BRPt2CqiMPeLGbPmI+Qdn7NjmnHBuYE6q/IxBuLMJ2cB",
              "previousCounter": 0,
              "rootKey": "pcUCv01qgVT/j4fQwuc8joCqm6JImblYcr342JgoWb0="
            },
            "indexInfo": {
              "baseKey": "BZml4eEVwsdCYiJTmskHwDSuQPxZDIRmmXHKSgV1rs0A",
              "baseKeyType": 1,
              "closed": 1671921978147,
              "used": 1671921977760,
              "created": 1671921977760,
              "remoteIdentityKey": "BR9iI2gk3L/ICEgphSntSyGHE+wun3Q66uuClogZAWZi"
            },
            "_chains": {
              "Ba1h/4RFHf9ZfJO358wkuYk9R0tdgaL6ljLeiJnJGa1F": {
                "chainKey": {
                  "counter": 0,
                  "key": "KorIihOseDcXKWJhD0LL4q4tLlk1cO4Bx+ijlQl+TBk="
                },
                "chainType": 1,
                "messageKeys": {}
              }
            },
            "pendingPreKey": {
              "signedKeyId": 1,
              "baseKey": "BZml4eEVwsdCYiJTmskHwDSuQPxZDIRmmXHKSgV1rs0A"
            }
          },
          "BcedcKG5s4fqUd9n8+KrGSwSEjDh6bC2l4WeUcwzO5Qv": {
            "registrationId": 204,
            "currentRatchet": {
              "ephemeralKeyPair": {
                "pubKey": "BZAjNFVF3L3XHTeVcy5AHSq7cXWE1VRnc6JspqSqyKhr",
                "privKey": "wN0scm0v0TVBx69OhSc+HJfPzqU6oTSgPhI4N6BWbFk="
              },
              "lastRemoteEphemeralKey": "BRPt2CqiMPeLGbPmI+Qdn7NjmnHBuYE6q/IxBuLMJ2cB",
              "previousCounter": 0,
              "rootKey": "tC2u30lVj1FMtvK7964kK2y75hNtPLx7pn0lkFZHR6M="
            },
            "indexInfo": {
              "baseKey": "BcedcKG5s4fqUd9n8+KrGSwSEjDh6bC2l4WeUcwzO5Qv",
              "baseKeyType": 1,
              "closed": 1671921978501,
              "used": 1671921978121,
              "created": 1671921978121,
              "remoteIdentityKey": "BR9iI2gk3L/ICEgphSntSyGHE+wun3Q66uuClogZAWZi"
            },
            "_chains": {
              "BZAjNFVF3L3XHTeVcy5AHSq7cXWE1VRnc6JspqSqyKhr": {
                "chainKey": {
                  "counter": 0,
                  "key": "Lxf4l4MYQ7C/O2au9P6JENqEy3y8UUxTlL2DyvcNaVs="
                },
                "chainType": 1,
                "messageKeys": {}
              }
            },
            "pendingPreKey": {
              "signedKeyId": 1,
              "baseKey": "BcedcKG5s4fqUd9n8+KrGSwSEjDh6bC2l4WeUcwzO5Qv"
            }
          },
          "Be9svd7BpFm6G2plFZ8r1M2vjCruCa3UE3zvvuSLrsYc": {
            "registrationId": 204,
            "currentRatchet": {
              "ephemeralKeyPair": {
                "pubKey": "BbrA87VO7UQd1gHb4NYDy7ktqobDZcUFBaR8xilw2MY6",
                "privKey": "WHdRBgsn4i/Gj05KEab5gwd8xbih1AmuAF9t7fvbPE0="
              },
              "lastRemoteEphemeralKey": "BRPt2CqiMPeLGbPmI+Qdn7NjmnHBuYE6q/IxBuLMJ2cB",
              "previousCounter": 0,
              "rootKey": "OeKG4TsVNlxuaTD76kSsPFuzjEImrtIL8U1JNrOdx80="
            },
            "indexInfo": {
              "baseKey": "Be9svd7BpFm6G2plFZ8r1M2vjCruCa3UE3zvvuSLrsYc",
              "baseKeyType": 1,
              "closed": -1,
              "used": 1671921978468,
              "created": 1671921978468,
              "remoteIdentityKey": "BR9iI2gk3L/ICEgphSntSyGHE+wun3Q66uuClogZAWZi"
            },
            "_chains": {
              "BbrA87VO7UQd1gHb4NYDy7ktqobDZcUFBaR8xilw2MY6": {
                "chainKey": {
                  "counter": 0,
                  "key": "BLYXvUUt1pTgnR0N+bxJ7qvuuOWumBVdbE6epi7VpQg="
                },
                "chainType": 1,
                "messageKeys": {}
              }
            },
            "pendingPreKey": {
              "signedKeyId": 1,
              "baseKey": "Be9svd7BpFm6G2plFZ8r1M2vjCruCa3UE3zvvuSLrsYc"
            }
          }
        },
        "version": "v1"
      },
      "77759599716.0": {
        "_sessions": {
          "BdwDmvUSoqyDVEV4neaBoErRWrps0od+f29dmxf+7INJ": {
            "registrationId": 1141067035,
            "currentRatchet": {
              "ephemeralKeyPair": {
                "pubKey": "BcmAmhRYHSD6h+4dhCJc2yiPQtOkrfZ3peS6R/hRrZEK",
                "privKey": "0AGoxgcmR4XO+dbkyy7NCV0ZiDxQ7UjHG9Va4Q/xHXI="
              },
              "lastRemoteEphemeralKey": "BRB69Uo7kRQGjspnRvMPbPnTQltS1ZhZgn/+GOotAFF/",
              "previousCounter": 0,
              "rootKey": "AIo+ffrGLaC9ViFHnN+sFiudjEfNPQgLC9VQI1h3sbM="
            },
            "indexInfo": {
              "baseKey": "BdwDmvUSoqyDVEV4neaBoErRWrps0od+f29dmxf+7INJ",
              "baseKeyType": 1,
              "closed": 1671921977776,
              "used": 1671921977539,
              "created": 1671921977539,
              "remoteIdentityKey": "BWWCRKNlgci3kZ0xC8Nuzcx3ll8Mm9lEZDRZjHpfgr5u"
            },
            "_chains": {
              "BcmAmhRYHSD6h+4dhCJc2yiPQtOkrfZ3peS6R/hRrZEK": {
                "chainKey": {
                  "counter": 2,
                  "key": "018dKL5Yp+6kiXbOdRsN6lCDAQ2j6pW9SuK2y6//MeI="
                },
                "chainType": 1,
                "messageKeys": {}
              }
            },
            "pendingPreKey": {
              "signedKeyId": 2,
              "baseKey": "BdwDmvUSoqyDVEV4neaBoErRWrps0od+f29dmxf+7INJ",
              "preKeyId": 13663415
            }
          },
          "BUrTDknMgtkjiO4mIz6N2uRMKNzGpOLL8uAIGH+9FcFC": {
            "registrationId": 1141067035,
            "currentRatchet": {
              "ephemeralKeyPair": {
                "pubKey": "BQQNBgERICWSWWjIpmmeDcE/raOvlp85Lw6Tk7FYpo42",
                "privKey": "UFVi4Snlj+LZmzU3BTFrFxiBlkY4dBuPWEF8vEZZlGg="
              },
              "lastRemoteEphemeralKey": "BRB69Uo7kRQGjspnRvMPbPnTQltS1ZhZgn/+GOotAFF/",
              "previousCounter": 0,
              "rootKey": "iQ/YLAMZJ+qG0Brzb9FiK8FsUx6QYIyrHxeJ99yqs34="
            },
            "indexInfo": {
              "baseKey": "BUrTDknMgtkjiO4mIz6N2uRMKNzGpOLL8uAIGH+9FcFC",
              "baseKeyType": 1,
              "closed": 1671921978163,
              "used": 1671921977762,
              "created": 1671921977762,
              "remoteIdentityKey": "BWWCRKNlgci3kZ0xC8Nuzcx3ll8Mm9lEZDRZjHpfgr5u"
            },
            "_chains": {
              "BQQNBgERICWSWWjIpmmeDcE/raOvlp85Lw6Tk7FYpo42": {
                "chainKey": {
                  "counter": 0,
                  "key": "GT8Gw+sY4AH4Vr+PILgdptFesNTYbd9Pc+DtnlEAQ2w="
                },
                "chainType": 1,
                "messageKeys": {}
              }
            },
            "pendingPreKey": {
              "signedKeyId": 2,
              "baseKey": "BUrTDknMgtkjiO4mIz6N2uRMKNzGpOLL8uAIGH+9FcFC",
              "preKeyId": 13663629
            }
          },
          "BdVpUq/w1UJ94J0Sk9uEE35fnyfJXGb00at4jSLtCnMB": {
            "registrationId": 1141067035,
            "currentRatchet": {
              "ephemeralKeyPair": {
                "pubKey": "BYknOQ5DcaxeUcoigHOv/PFw3vuEIqNBP6w4vjXSvABv",
                "privKey": "EE0SI+6R66RHvL85B8FyrMCFEhdVryUVl8471wRtv0M="
              },
              "lastRemoteEphemeralKey": "BRB69Uo7kRQGjspnRvMPbPnTQltS1ZhZgn/+GOotAFF/",
              "previousCounter": 0,
              "rootKey": "kYP2SdzMyBOZXnrY5nMuIw4jwQOzwIhL2IqD9SR4SHc="
            },
            "indexInfo": {
              "baseKey": "BdVpUq/w1UJ94J0Sk9uEE35fnyfJXGb00at4jSLtCnMB",
              "baseKeyType": 1,
              "closed": 1671921978511,
              "used": 1671921978126,
              "created": 1671921978126,
              "remoteIdentityKey": "BWWCRKNlgci3kZ0xC8Nuzcx3ll8Mm9lEZDRZjHpfgr5u"
            },
            "_chains": {
              "BYknOQ5DcaxeUcoigHOv/PFw3vuEIqNBP6w4vjXSvABv": {
                "chainKey": {
                  "counter": 0,
                  "key": "mDZhpRwIw50993cvtH8I1A2oka/u0csa2UZ3HcpuxLA="
                },
                "chainType": 1,
                "messageKeys": {}
              }
            },
            "pendingPreKey": {
              "signedKeyId": 2,
              "baseKey": "BdVpUq/w1UJ94J0Sk9uEE35fnyfJXGb00at4jSLtCnMB",
              "preKeyId": 13663648
            }
          },
          "Bfny4+VTr+BQq/TebVinJfjzihhGY6xd903MzoEnBqML": {
            "registrationId": 1141067035,
            "currentRatchet": {
              "ephemeralKeyPair": {
                "pubKey": "BbbZ470IP4VbZBqbAYxTZKSP/wwwALQsFooqvbIYh94p",
                "privKey": "KKqbA3SVRwZmIzh3U+0O36y5Bc4/CbNKVkxpVmVk4Uw="
              },
              "lastRemoteEphemeralKey": "BRB69Uo7kRQGjspnRvMPbPnTQltS1ZhZgn/+GOotAFF/",
              "previousCounter": 0,
              "rootKey": "hK3XTPJJh4LIS6O/68/+cOU+/rZ4d7bq4b5Uc7/6x4Y="
            },
            "indexInfo": {
              "baseKey": "Bfny4+VTr+BQq/TebVinJfjzihhGY6xd903MzoEnBqML",
              "baseKeyType": 1,
              "closed": -1,
              "used": 1671921978485,
              "created": 1671921978485,
              "remoteIdentityKey": "BWWCRKNlgci3kZ0xC8Nuzcx3ll8Mm9lEZDRZjHpfgr5u"
            },
            "_chains": {
              "BbbZ470IP4VbZBqbAYxTZKSP/wwwALQsFooqvbIYh94p": {
                "chainKey": {
                  "counter": 0,
                  "key": "dFCyBAiffcKo5cRUQVCZEfR5oYHKy+DklTE1NEUubww="
                },
                "chainType": 1,
                "messageKeys": {}
              }
            },
            "pendingPreKey": {
              "signedKeyId": 2,
              "baseKey": "Bfny4+VTr+BQq/TebVinJfjzihhGY6xd903MzoEnBqML",
              "preKeyId": 13663431
            }
          }
        },
        "version": "v1"
      }
    },
    "appStateSyncKeys": {
      "AAAAAM3L": {
        "keyData": "b9Nt1dh5Pw2yzxMznsyhlXXE7AOxWWuTI/vhN8vM5N0=",
        "fingerprint": {
          "rawId": 1913737581,
          "currentIndex": 1,
          "deviceIndexes": [
            0,
            1
          ]
        },
        "timestamp": "1671921969630"
      }
    },
    "appStateVersions": {
      "critical_block": {
        "version": 1,
        "hash": {
          "type": "Buffer",
          "data": "BxvshHSVCgNsHJcnMLSqy+AtmEcK8oT7Vd8TJA5Jf8lLTj4xjtrZ0ndA3PU/pQvKN0q7N5wtYY242y13xKtRcseY4LA74UVFJIyx/MJRqTMwamxGp3bxqlZpH354rxTu3bDg62GriCbpYAOd/gUlyZ1l6y+4DgqFQ0V1x9vECic="
        },
        "indexValueMap": {
          "fSxq4O1HGf7ameJ/MO8JZtaKIo5rzbgXEfFlPvm0uHU=": {
            "valueMac": {
              "type": "Buffer",
              "data": "B6LUQNBGd8hyQ3vy3MWuPEpdfmYd5B/8eBE9IkdtTbk="
            }
          },
          "k9bKVEX+u0YgyidvIXclInxJckf8MVwi91vJiEs9Km4=": {
            "valueMac": {
              "type": "Buffer",
              "data": "jPrtjhoD+fICEp65rUzjkEsmC36Z64IvYRHYiWO5GZQ="
            }
          }
        }
      },
      "regular": {
        "version": 1,
        "hash": {
          "type": "Buffer",
          "data": "YfoTJEUoIJJQIwIc8vXkrjk+wumlM2mbD0Dhf9Bxi4S2NJceCt78qDxb+T/N3OkbKfJqVaP6XTwnDPmDdA6cn+dW7hcc3FrOPh3NxakwoPYzl7A4hjoi3Xvhd9X9CWxBZmS3yA0TqaZ1C/hGc8GszkQXks43c+nRJQlbWJ4b1fI="
        },
        "indexValueMap": {
          "OUs5Z48UQNT940lYQlHQ6FjRnvI8kdJRvmARg78m/hc=": {
            "valueMac": {
              "type": "Buffer",
              "data": "MfV3YRpO1Plx0SFy5y7Pcdxxe2/EG4znBTyhk1KxB8g="
            }{
        "private": {
          "type": "Buffer",
          "data": "6M0HXTi86DEryU3GyIsiv9poOml08cUj3Bz8XGIMOlc="
        },
        "public": {
          "type": "Buffer",
          "data": "vVTHyA1A+WzfI4nOOuyZZERjcNSynav5tGmmoZtvsDA="
        }
      }
    },
    "sessions": {
      "60122712740.0": {
        "_sessions": {
          "Bet57/HdW+PLJ3Q87QGk3amQKZChthheWtZW2wxxCH92": {
            "registrationId": 396688573,
            "currentRatchet": {
              "ephemeralKeyPair": {
                "pubKey": "BTiqXOrRXBzQAnjAlhMm18QXaXRpAh/wIrJ2NPF3D9RL",
                "privKey": "sIgWv7xDhuWT/H1KXkSHzmFNEOk+8KvCwfRyp5C2JHI="
              },
              "lastRemoteEphemeralKey": "Bf2EenjOoDwKgmvt0nN6U9YtooTAjCJ/fJ7HLuABLtA1",
              "previousCounter": 0,
              "rootKey": "8qjVLDwqHaDMX/Ig+qLbq8ePMxFHwNumhedJAyaSuXo="
            },
            "indexInfo": {
              "baseKey": "Bet57/HdW+PLJ3Q87QGk3amQKZChthheWtZW2wxxCH92",
              "baseKeyType": 2,
              "closed": -1,
              "used": 1671921970226,
              "created": 1671921970226,
              "remoteIdentityKey": "BURmk0T3CBtDfW5E1EVq1FwaILJVhgDZG/ARyO389ZML"
            },
            "_chains": {
              "Bf2EenjOoDwKgmvt0nN6U9YtooTAjCJ/fJ7HLuABLtA1": {
                "chainKey": {
                  "counter": 7,
                  "key": "II53iKdAk5lSRwWGLbpNzLeqaybhMrSrDCZooe3PbD4="
                },
                "chainType": 2,
                "messageKeys": {}
              },
              "BTiqXOrRXBzQAnjAlhMm18QXaXRpAh/wIrJ2NPF3D9RL": {
                "chainKey": {
                  "counter": 5,
                  "key": "jOpAajQIXSJJt2e7Ys62Fs0N8XXytbq/69ngckvfdW4="
                },
                "chainType": 1,
                "messageKeys": {}
              }
            }
          }
        },
        "version": "v1"
      },
      "77759599716:1.0": {
        "_sessions": {
          "BeR1zBJ8ivrHGRm8cSYwp1xMAl62FAOn7okXMyl0K/Fg": {
            "registrationId": 204,
            "currentRatchet": {
              "ephemeralKeyPair": {
                "pubKey": "BeJP/b+bos99Xb21Wqi0n93CRR6jkqh3BmvdXKHfg6hQ",
                "privKey": "kH2yyumldys2W5eCX0ecKjQEyQhVGnsiD8iWLJiNBG4="
              },
              "lastRemoteEphemeralKey": "BRPt2CqiMPeLGbPmI+Qdn7NjmnHBuYE6q/IxBuLMJ2cB",
              "previousCounter": 0,
              "rootKey": "uOdk7MM5EvW5wXdcGic1Fk3oNbQO/og67ANEZDsepcg="
            },
            "indexInfo": {
              "baseKey": "BeR1zBJ8ivrHGRm8cSYwp1xMAl62FAOn7okXMyl0K/Fg",
              "baseKeyType": 1,
              "closed": 1671921977773,
              "used": 1671921977538,
              "created": 1671921977538,
              "remoteIdentityKey": "BR9iI2gk3L/ICEgphSntSyGHE+wun3Q66uuClogZAWZi"
            },
            "_chains": {
              "BeJP/b+bos99Xb21Wqi0n93CRR6jkqh3BmvdXKHfg6hQ": {
                "chainKey": {
                  "counter": 2,
                  "key": "Czlt+IAS0cDJKKiWFRhlJJjGYKgK6FvE3Rvt/V5crqw="
                },
                "chainType": 1,
                "messageKeys": {}
              }
            },
            "pendingPreKey": {
              "signedKeyId": 1,
              "baseKey": "BeR1zBJ8ivrHGRm8cSYwp1xMAl62FAOn7okXMyl0K/Fg"
            }
          },
          "BZml4eEVwsdCYiJTmskHwDSuQPxZDIRmmXHKSgV1rs0A": {
            "registrationId": 204,
            "currentRatchet": {
              "ephemeralKeyPair": {
                "pubKey": "Ba1h/4RFHf9ZfJO358wkuYk9R0tdgaL6ljLeiJnJGa1F",
                "privKey": "WK+NXUjQbMJI8uFqq3o3oNBIrUaWBQmkzfpBw1imlWA="
              },
              "lastRemoteEphemeralKey": "BRPt2CqiMPeLGbPmI+Qdn7NjmnHBuYE6q/IxBuLMJ2cB",
              "previousCounter": 0,
              "rootKey": "pcUCv01qgVT/j4fQwuc8joCqm6JImblYcr342JgoWb0="
            },
            "indexInfo": {
              "baseKey": "BZml4eEVwsdCYiJTmskHwDSuQPxZDIRmmXHKSgV1rs0A",
              "baseKeyType": 1,
              "closed": 1671921978147,
              "used": 1671921977760,
              "created": 1671921977760,
              "remoteIdentityKey": "BR9iI2gk3L/ICEgphSntSyGHE+wun3Q66uuClogZAWZi"
            },
            "_chains": {
              "Ba1h/4RFHf9ZfJO358wkuYk9R0tdgaL6ljLeiJnJGa1F": {
                "chainKey": {
                  "counter": 0,
                  "key": "KorIihOseDcXKWJhD0LL4q4tLlk1cO4Bx+ijlQl+TBk="
                },
                "chainType": 1,
                "messageKeys": {}
              }
            },
            "pendingPreKey": {
              "signedKeyId": 1,
              "baseKey": "BZml4eEVwsdCYiJTmskHwDSuQPxZDIRmmXHKSgV1rs0A"
            }
          },
          "BcedcKG5s4fqUd9n8+KrGSwSEjDh6bC2l4WeUcwzO5Qv": {
            "registrationId": 204,
            "currentRatchet": {
              "ephemeralKeyPair": {
                "pubKey": "BZAjNFVF3L3XHTeVcy5AHSq7cXWE1VRnc6JspqSqyKhr",
                "privKey": "wN0scm0v0TVBx69OhSc+HJfPzqU6oTSgPhI4N6BWbFk="
              },
              "lastRemoteEphemeralKey": "BRPt2CqiMPeLGbPmI+Qdn7NjmnHBuYE6q/IxBuLMJ2cB",
              "previousCounter": 0,
              "rootKey": "tC2u30lVj1FMtvK7964kK2y75hNtPLx7pn0lkFZHR6M="
            },
            "indexInfo": {
              "baseKey": "BcedcKG5s4fqUd9n8+KrGSwSEjDh6bC2l4WeUcwzO5Qv",
              "baseKeyType": 1,
              "closed": 1671921978501,
              "used": 1671921978121,
              "created": 1671921978121,
              "remoteIdentityKey": "BR9iI2gk3L/ICEgphSntSyGHE+wun3Q66uuClogZAWZi"
            },
            "_chains": {
              "BZAjNFVF3L3XHTeVcy5AHSq7cXWE1VRnc6JspqSqyKhr": {
                "chainKey": {
                  "counter": 0,
                  "key": "Lxf4l4MYQ7C/O2au9P6JENqEy3y8UUxTlL2DyvcNaVs="
                },
                "chainType": 1,
                "messageKeys": {}
              }
            },
            "pendingPreKey": {
              "signedKeyId": 1,
              "baseKey": "BcedcKG5s4fqUd9n8+KrGSwSEjDh6bC2l4WeUcwzO5Qv"
            }
          },
          "Be9svd7BpFm6G2plFZ8r1M2vjCruCa3UE3zvvuSLrsYc": {
            "registrationId": 204,
            "currentRatchet": {
              "ephemeralKeyPair": {
                "pubKey": "BbrA87VO7UQd1gHb4NYDy7ktqobDZcUFBaR8xilw2MY6",
                "privKey": "WHdRBgsn4i/Gj05KEab5gwd8xbih1AmuAF9t7fvbPE0="
              },
              "lastRemoteEphemeralKey": "BRPt2CqiMPeLGbPmI+Qdn7NjmnHBuYE6q/IxBuLMJ2cB",
              "previousCounter": 0,
              "rootKey": "OeKG4TsVNlxuaTD76kSsPFuzjEImrtIL8U1JNrOdx80="
            },
            "indexInfo": {
              "baseKey": "Be9svd7BpFm6G2plFZ8r1M2vjCruCa3UE3zvvuSLrsYc",
              "baseKeyType": 1,
              "closed": -1,
              "used": 1671921978468,
              "created": 1671921978468,
              "remoteIdentityKey": "BR9iI2gk3L/ICEgphSntSyGHE+wun3Q66uuClogZAWZi"
            },
            "_chains": {
              "BbrA87VO7UQd1gHb4NYDy7ktqobDZcUFBaR8xilw2MY6": {
                "chainKey": {
                  "counter": 0,
                  "key": "BLYXvUUt1pTgnR0N+bxJ7qvuuOWumBVdbE6epi7VpQg="
                },
                "chainType": 1,
                "messageKeys": {}
              }
            },
            "pendingPreKey": {
              "signedKeyId": 1,
              "baseKey": "Be9svd7BpFm6G2plFZ8r1M2vjCruCa3UE3zvvuSLrsYc"
            }
          }
        },
        "version": "v1"
      },
      "77759599716.0": {
        "_sessions": {
          "BdwDmvUSoqyDVEV4neaBoErRWrps0od+f29dmxf+7INJ": {
            "registrationId": 1141067035,
            "currentRatchet": {
              "ephemeralKeyPair": {
                "pubKey": "BcmAmhRYHSD6h+4dhCJc2yiPQtOkrfZ3peS6R/hRrZEK",
                "privKey": "0AGoxgcmR4XO+dbkyy7NCV0ZiDxQ7UjHG9Va4Q/xHXI="
              },
              "lastRemoteEphemeralKey": "BRB69Uo7kRQGjspnRvMPbPnTQltS1ZhZgn/+GOotAFF/",
              "previousCounter": 0,
              "rootKey": "AIo+ffrGLaC9ViFHnN+sFiudjEfNPQgLC9VQI1h3sbM="
            },
            "indexInfo": {
              "baseKey": "BdwDmvUSoqyDVEV4neaBoErRWrps0od+f29dmxf+7INJ",
              "baseKeyType": 1,
              "closed": 1671921977776,
              "used": 1671921977539,
              "created": 1671921977539,
              "remoteIdentityKey": "BWWCRKNlgci3kZ0xC8Nuzcx3ll8Mm9lEZDRZjHpfgr5u"
            },
            "_chains": {
              "BcmAmhRYHSD6h+4dhCJc2yiPQtOkrfZ3peS6R/hRrZEK": {
                "chainKey": {
                  "counter": 2,
                  "key": "018dKL5Yp+6kiXbOdRsN6lCDAQ2j6pW9SuK2y6//MeI="
                },
                "chainType": 1,
                "messageKeys": {}
              }
            },
            "pendingPreKey": {
              "signedKeyId": 2,
              "baseKey": "BdwDmvUSoqyDVEV4neaBoErRWrps0od+f29dmxf+7INJ",
              "preKeyId": 13663415
            }
          },
          "BUrTDknMgtkjiO4mIz6N2uRMKNzGpOLL8uAIGH+9FcFC": {
            "registrationId": 1141067035,
            "currentRatchet": {
              "ephemeralKeyPair": {
                "pubKey": "BQQNBgERICWSWWjIpmmeDcE/raOvlp85Lw6Tk7FYpo42",
                "privKey": "UFVi4Snlj+LZmzU3BTFrFxiBlkY4dBuPWEF8vEZZlGg="
              },
              "lastRemoteEphemeralKey": "BRB69Uo7kRQGjspnRvMPbPnTQltS1ZhZgn/+GOotAFF/",
              "previousCounter": 0,
              "rootKey": "iQ/YLAMZJ+qG0Brzb9FiK8FsUx6QYIyrHxeJ99yqs34="
            },
            "indexInfo": {
              "baseKey": "BUrTDknMgtkjiO4mIz6N2uRMKNzGpOLL8uAIGH+9FcFC",
              "baseKeyType": 1,
              "closed": 1671921978163,
              "used": 1671921977762,
              "created": 1671921977762,
              "remoteIdentityKey": "BWWCRKNlgci3kZ0xC8Nuzcx3ll8Mm9lEZDRZjHpfgr5u"
            },
            "_chains": {
              "BQQNBgERICWSWWjIpmmeDcE/raOvlp85Lw6Tk7FYpo42": {
                "chainKey": {
                  "counter": 0,
                  "key": "GT8Gw+sY4AH4Vr+PILgdptFesNTYbd9Pc+DtnlEAQ2w="
                },
                "chainType": 1,
                "messageKeys": {}
              }
            },
            "pendingPreKey": {
              "signedKeyId": 2,
              "baseKey": "BUrTDknMgtkjiO4mIz6N2uRMKNzGpOLL8uAIGH+9FcFC",
              "preKeyId": 13663629
            }
          },
          "BdVpUq/w1UJ94J0Sk9uEE35fnyfJXGb00at4jSLtCnMB": {
            "registrationId": 1141067035,
            "currentRatchet": {
              "ephemeralKeyPair": {
                "pubKey": "BYknOQ5DcaxeUcoigHOv/PFw3vuEIqNBP6w4vjXSvABv",
                "privKey": "EE0SI+6R66RHvL85B8FyrMCFEhdVryUVl8471wRtv0M="
              },
              "lastRemoteEphemeralKey": "BRB69Uo7kRQGjspnRvMPbPnTQltS1ZhZgn/+GOotAFF/",
              "previousCounter": 0,
              "rootKey": "kYP2SdzMyBOZXnrY5nMuIw4jwQOzwIhL2IqD9SR4SHc="
            },
            "indexInfo": {
              "baseKey": "BdVpUq/w1UJ94J0Sk9uEE35fnyfJXGb00at4jSLtCnMB",
              "baseKeyType": 1,
              "closed": 1671921978511,
              "used": 1671921978126,
              "created": 1671921978126,
              "remoteIdentityKey": "BWWCRKNlgci3kZ0xC8Nuzcx3ll8Mm9lEZDRZjHpfgr5u"
            },
            "_chains": {
              "BYknOQ5DcaxeUcoigHOv/PFw3vuEIqNBP6w4vjXSvABv": {
                "chainKey": {
                  "counter": 0,
                  "key": "mDZhpRwIw50993cvtH8I1A2oka/u0csa2UZ3HcpuxLA="
                },
                "chainType": 1,
                "messageKeys": {}
              }
            },
            "pendingPreKey": {
              "signedKeyId": 2,
              "baseKey": "BdVpUq/w1UJ94J0Sk9uEE35fnyfJXGb00at4jSLtCnMB",
              "preKeyId": 13663648
            }
          },
          "Bfny4+VTr+BQq/TebVinJfjzihhGY6xd903MzoEnBqML": {
            "registrationId": 1141067035,
            "currentRatchet": {
              "ephemeralKeyPair": {
                "pubKey": "BbbZ470IP4VbZBqbAYxTZKSP/wwwALQsFooqvbIYh94p",
                "privKey": "KKqbA3SVRwZmIzh3U+0O36y5Bc4/CbNKVkxpVmVk4Uw="
              },
              "lastRemoteEphemeralKey": "BRB69Uo7kRQGjspnRvMPbPnTQltS1ZhZgn/+GOotAFF/",
              "previousCounter": 0,
              "rootKey": "hK3XTPJJh4LIS6O/68/+cOU+/rZ4d7bq4b5Uc7/6x4Y="
            },
            "indexInfo": {
              "baseKey": "Bfny4+VTr+BQq/TebVinJfjzihhGY6xd903MzoEnBqML",
              "baseKeyType": 1,
              "closed": -1,
              "used": 1671921978485,
              "created": 1671921978485,
              "remoteIdentityKey": "BWWCRKNlgci3kZ0xC8Nuzcx3ll8Mm9lEZDRZjHpfgr5u"
            },
            "_chains": {
              "BbbZ470IP4VbZBqbAYxTZKSP/wwwALQsFooqvbIYh94p": {
                "chainKey": {
                  "counter": 0,
                  "key": "dFCyBAiffcKo5cRUQVCZEfR5oYHKy+DklTE1NEUubww="
                },
                "chainType": 1,
                "messageKeys": {}
              }
            },
            "pendingPreKey": {
              "signedKeyId": 2,
              "baseKey": "Bfny4+VTr+BQq/TebVinJfjzihhGY6xd903MzoEnBqML",
              "preKeyId": 13663431
            }
          }
        },
        "version": "v1"
      }
    },
    "appStateSyncKeys": {
      "AAAAAM3L": {
        "keyData": "b9Nt1dh5Pw2yzxMznsyhlXXE7AOxWWuTI/vhN8vM5N0=",
        "fingerprint": {
          "rawId": 1913737581,
          "currentIndex": 1,
          "deviceIndexes": [
            0,
            1
          ]
        },
        "timestamp": "1671921969630"
      }
    },
    "appStateVersions": {
      "critical_block": {
        "version": 1,
        "hash": {
          "type": "Buffer",
          "data": "BxvshHSVCgNsHJcnMLSqy+AtmEcK8oT7Vd8TJA5Jf8lLTj4xjtrZ0ndA3PU/pQvKN0q7N5wtYY242y13xKtRcseY4LA74UVFJIyx/MJRqTMwamxGp3bxqlZpH354rxTu3bDg62GriCbpYAOd/gUlyZ1l6y+4DgqFQ0V1x9vECic="
        },
        "indexValueMap": {
          "fSxq4O1HGf7ameJ/MO8JZtaKIo5rzbgXEfFlPvm0uHU=": {
            "valueMac": {
              "type": "Buffer",
              "data": "B6LUQNBGd8hyQ3vy3MWuPEpdfmYd5B/8eBE9IkdtTbk="
            }
          },
          "k9bKVEX+u0YgyidvIXclInxJckf8MVwi91vJiEs9Km4=": {
            "valueMac": {
              "type": "Buffer",
              "data": "jPrtjhoD+fICEp65rUzjkEsmC36Z64IvYRHYiWO5GZQ="
            }
          }
        }
      },
      "regular": {
        "version": 1,
        "hash": {
          "type": "Buffer",
          "data": "YfoTJEUoIJJQIwIc8vXkrjk+wumlM2mbD0Dhf9Bxi4S2NJceCt78qDxb+T/N3OkbKfJqVaP6XTwnDPmDdA6cn+dW7hcc3FrOPh3NxakwoPYzl7A4hjoi3Xvhd9X9CWxBZmS3yA0TqaZ1C/hGc8GszkQXks43c+nRJQlbWJ4b1fI="
        },
        "indexValueMap": {
          "OUs5Z48UQNT940lYQlHQ6FjRnvI8kdJRvmARg78m/hc=": {
            "valueMac": {
              "type": "Buffer",
              "data": "MfV3YRpO1Plx0SFy5y7Pcdxxe2/EG4znBTyhk1KxB8g="
            }