{"_sessions":{"BePQd4bSaH0gzBAlwWcyCICEeohFNw0otv4vrPFmpIAL":{"registrationId":1402910762,"currentRatchet":{"ephemeralKeyPair":{"pubKey":"BR6OYGy7dxpwWfeyX8l/XI7ZJd51cJQ+oMA/+qlwNxVZ","privKey":"CJNyEanfXVCiCqSMMCvXR5O09rtUN2Bs8zOXe1V9N3k="},"lastRemoteEphemeralKey":"BYRHZx+icjj1G6xD8OE6rV5NupNypNVOtIvHm/vk/18Q","previousCounter":0,"rootKey":"apZeYJIj1CUv6BHQOhR5ZggqeEO6qZkhB8dJcpuwQOM="},"indexInfo":{"baseKey":"BePQd4bSaH0gzBAlwWcyCICEeohFNw0otv4vrPFmpIAL","baseKeyType":2,"closed":-1,"used":1673455882008,"created":1673455882008,"remoteIdentityKey":"BZAm7jjifKFJjufUBBdmw1fbQGPhdVQI+MSylkv+e9Bv"},"_chains":{"BYRHZx+icjj1G6xD8OE6rV5NupNypNVOtIvHm/vk/18Q":{"chainKey":{"counter":5,"key":"csSs98PFs99ZH1ArTbRZzpDwUc5EOvqFwOzExKa3Pew="},"chainType":2,"messageKeys":{}},"BR6OYGy7dxpwWfeyX8l/XI7ZJd51cJQ+oMA/+qlwNxVZ":{"chainKey":{"counter":-1,"key":"lnFAkZdxX9BR3X5IXgrMcRBF9D4kWMLea/MUZIcwjF4="},"chainType":1,"messageKeys":{}}}}},"version":"v1"}